"","year","temp","species","julian"
"2",1991,18.601089967179,"Asterocampa celtis",155
"3",1991,18.601089967179,"Calycopis cecrops",131
"4",1991,18.601089967179,"Euphyes vestris",155
"5",1991,18.601089967179,"Lethe appalachia",215
"6",1991,18.601089967179,"Chlosyne nycteis",187
"7",1992,15.8401088186488,"Lethe appalachia",221
"8",1992,15.8401088186488,"Vanessa atalanta",215
"9",1992,15.8401088186488,"Lerema accius",215
"10",1992,15.8401088186488,"Panoquina ocola",215
"11",1992,15.8401088186488,"Asterocampa celtis",201
"12",1992,15.8401088186488,"Celastrina neglecta",186
"13",1992,15.8401088186488,"Strymon melinus",215
"14",1992,15.8401088186488,"Thorybes bathyllus",215
"15",1992,15.8401088186488,"Hylephila phyleus",215
"16",1992,15.8401088186488,"Nastra lherminier",215
"17",1992,15.8401088186488,"Calycopis cecrops",215
"18",1992,15.8401088186488,"Erynnis horatius",186
"19",1992,15.8401088186488,"Chlosyne nycteis",201
"20",1992,15.8401088186488,"Cyllopsis gemma",215
"21",1992,15.8401088186488,"Pompeius verna",215
"22",1992,15.8401088186488,"Polites origenes",262
"23",1993,16.5790721912162,"Abaeis nicippe",115
"24",1993,16.5790721912162,"Papilio polyxenes",115
"25",1993,16.5790721912162,"Hermeuptychia sosybius",122
"26",1993,16.5790721912162,"Pyrgus communis",237
"27",1993,16.5790721912162,"Strymon melinus",135
"28",1993,16.5790721912162,"Panoquina ocola",191
"29",1993,16.5790721912162,"Pieris rapae",95
"30",1993,16.5790721912162,"Celastrina ladon",74
"31",1993,16.5790721912162,"Cupido comyntas",115
"32",1993,16.5790721912162,"Erynnis horatius",145
"33",1993,16.5790721912162,"Ancyloxypha numitor",177
"34",1993,16.5790721912162,"Euptoieta claudia",186
"35",1993,16.5790721912162,"Vanessa atalanta",156
"36",1993,16.5790721912162,"Danaus plexippus",115
"37",1993,16.5790721912162,"Epargyreus clarus",105
"38",1993,16.5790721912162,"Colias eurytheme",105
"39",1993,16.5790721912162,"Cyllopsis gemma",115
"40",1993,16.5790721912162,"Phyciodes tharos",156
"41",1993,16.5790721912162,"Speyeria cybele",157
"42",1993,16.5790721912162,"Polygonia interrogationis",74
"43",1993,16.5790721912162,"Polites origenes",157
"44",1993,16.5790721912162,"Libytheana carinenta",64
"45",1993,16.5790721912162,"Calycopis cecrops",135
"46",1993,16.5790721912162,"Papilio glaucus",95
"47",1993,16.5790721912162,"Lethe appalachia",140
"48",1993,16.5790721912162,"Anthocharis midea",74
"49",1993,16.5790721912162,"Pompeius verna",145
"50",1993,16.5790721912162,"Lerema accius",166
"51",1993,16.5790721912162,"Megisto cymela",145
"52",1993,16.5790721912162,"Wallengrenia otho",150
"53",1993,16.5790721912162,"Phoebis sennae",145
"54",1993,16.5790721912162,"Battus philenor",122
"55",1993,16.5790721912162,"Vanessa virginiensis",125
"56",1993,16.5790721912162,"Junonia coenia",177
"57",1993,16.5790721912162,"Nastra lherminier",156
"58",1993,16.5790721912162,"Euphyes vestris",157
"59",1993,16.5790721912162,"Asterocampa celtis",145
"60",1993,16.5790721912162,"Limenitis arthemis astyanax",135
"61",1993,16.5790721912162,"Atalopedes campestris",176
"62",1993,16.5790721912162,"Limenitis archippus",135
"63",1993,16.5790721912162,"Thorybes bathyllus",156
"64",1993,16.5790721912162,"Hylephila phyleus",177
"65",1993,16.5790721912162,"Erynnis juvenalis",84
"66",1993,16.5790721912162,"Polygonia comma",31
"67",1993,16.5790721912162,"Papilio troilus",115
"68",1993,16.5790721912162,"Chlosyne nycteis",176
"69",1993,16.5790721912162,"Celastrina neglecta",125
"70",1994,17.5926843478647,"Vanessa atalanta",117
"71",1994,17.5926843478647,"Pyrgus communis",255
"72",1994,17.5926843478647,"Battus philenor",117
"73",1994,17.5926843478647,"Celastrina ladon",74
"74",1994,17.5926843478647,"Vanessa virginiensis",127
"75",1994,17.5926843478647,"Hermeuptychia sosybius",117
"76",1994,17.5926843478647,"Limenitis archippus",145
"77",1994,17.5926843478647,"Polygonia interrogationis",84
"78",1994,17.5926843478647,"Abaeis nicippe",196
"79",1994,17.5926843478647,"Colias eurytheme",166
"80",1994,17.5926843478647,"Pompeius verna",145
"81",1994,17.5926843478647,"Lerema accius",204
"82",1994,17.5926843478647,"Papilio troilus",127
"83",1994,17.5926843478647,"Cyllopsis gemma",100
"84",1994,17.5926843478647,"Polites origenes",225
"85",1994,17.5926843478647,"Cupido comyntas",127
"86",1994,17.5926843478647,"Ancyloxypha numitor",237
"87",1994,17.5926843478647,"Euptoieta claudia",247
"88",1994,17.5926843478647,"Papilio polyxenes",117
"89",1994,17.5926843478647,"Anthocharis midea",74
"90",1994,17.5926843478647,"Erynnis juvenalis",79
"91",1994,17.5926843478647,"Panoquina ocola",217
"92",1994,17.5926843478647,"Wallengrenia otho",166
"93",1994,17.5926843478647,"Phoebis sennae",176
"94",1994,17.5926843478647,"Thorybes bathyllus",127
"95",1994,17.5926843478647,"Strymon melinus",145
"96",1994,17.5926843478647,"Junonia coenia",247
"97",1994,17.5926843478647,"Megisto cymela",134
"98",1994,17.5926843478647,"Euphyes vestris",186
"99",1994,17.5926843478647,"Asterocampa celtis",135
"100",1994,17.5926843478647,"Papilio glaucus",95
"101",1994,17.5926843478647,"Nastra lherminier",217
"102",1994,17.5926843478647,"Limenitis arthemis astyanax",135
"103",1994,17.5926843478647,"Pieris rapae",135
"104",1994,17.5926843478647,"Hylephila phyleus",248
"105",1994,17.5926843478647,"Danaus plexippus",117
"106",1994,17.5926843478647,"Polygonia comma",65
"107",1994,17.5926843478647,"Epargyreus clarus",125
"108",1994,17.5926843478647,"Chlosyne nycteis",127
"109",1994,17.5926843478647,"Calycopis cecrops",117
"110",1994,17.5926843478647,"Atalopedes campestris",247
"111",1994,17.5926843478647,"Celastrina neglecta",135
"112",1994,17.5926843478647,"Erynnis horatius",176
"113",1994,17.5926843478647,"Phyciodes tharos",115
"114",1994,17.5926843478647,"Libytheana carinenta",95
"115",1995,17.3934580472308,"Polites origenes",141
"116",1995,17.3934580472308,"Colias eurytheme",156
"117",1995,17.3934580472308,"Papilio polyxenes",98
"118",1995,17.3934580472308,"Limenitis archippus",135
"119",1995,17.3934580472308,"Speyeria cybele",142
"120",1995,17.3934580472308,"Danaus plexippus",135
"121",1995,17.3934580472308,"Abaeis nicippe",245
"122",1995,17.3934580472308,"Thorybes bathyllus",154
"123",1995,17.3934580472308,"Vanessa virginiensis",115
"124",1995,17.3934580472308,"Cyllopsis gemma",98
"125",1995,17.3934580472308,"Polygonia interrogationis",98
"126",1995,17.3934580472308,"Euphyes vestris",154
"127",1995,17.3934580472308,"Cupido comyntas",125
"128",1995,17.3934580472308,"Asterocampa celtis",203
"129",1995,17.3934580472308,"Nastra lherminier",154
"130",1995,17.3934580472308,"Vanessa atalanta",117
"131",1995,17.3934580472308,"Anthocharis midea",75
"132",1995,17.3934580472308,"Lerema accius",245
"133",1995,17.3934580472308,"Wallengrenia otho",154
"134",1995,17.3934580472308,"Pyrgus communis",278
"135",1995,17.3934580472308,"Pompeius verna",154
"136",1995,17.3934580472308,"Papilio troilus",135
"137",1995,17.3934580472308,"Megisto cymela",135
"138",1995,17.3934580472308,"Celastrina ladon",74
"139",1995,17.3934580472308,"Libytheana carinenta",231
"140",1995,17.3934580472308,"Celastrina neglecta",135
"141",1995,17.3934580472308,"Polygonia comma",84
"142",1995,17.3934580472308,"Papilio glaucus",128
"143",1995,17.3934580472308,"Pieris rapae",127
"144",1995,17.3934580472308,"Erynnis juvenalis",79
"145",1995,17.3934580472308,"Limenitis arthemis astyanax",128
"146",1995,17.3934580472308,"Atalopedes campestris",211
"147",1995,17.3934580472308,"Hylephila phyleus",211
"148",1995,17.3934580472308,"Epargyreus clarus",115
"149",1995,17.3934580472308,"Junonia coenia",206
"150",1995,17.3934580472308,"Panoquina ocola",217
"151",1995,17.3934580472308,"Hermeuptychia sosybius",125
"152",1995,17.3934580472308,"Strymon melinus",166
"153",1995,17.3934580472308,"Battus philenor",98
"154",1995,17.3934580472308,"Phoebis sennae",196
"155",1995,17.3934580472308,"Erynnis horatius",196
"156",1995,17.3934580472308,"Calycopis cecrops",111
"157",1995,17.3934580472308,"Ancyloxypha numitor",203
"158",1995,17.3934580472308,"Phyciodes tharos",128
"159",1995,17.3934580472308,"Euptoieta claudia",203
"160",1996,16.5166312757037,"Cyllopsis gemma",105
"161",1996,16.5166312757037,"Asterocampa celtis",140
"162",1996,16.5166312757037,"Lerema accius",209
"163",1996,16.5166312757037,"Celastrina ladon",76
"164",1996,16.5166312757037,"Papilio troilus",133
"165",1996,16.5166312757037,"Phoebis sennae",228
"166",1996,16.5166312757037,"Pyrgus communis",209
"167",1996,16.5166312757037,"Celastrina neglecta",154
"168",1996,16.5166312757037,"Cupido comyntas",136
"169",1996,16.5166312757037,"Polites origenes",148
"170",1996,16.5166312757037,"Euphyes vestris",164
"171",1996,16.5166312757037,"Vanessa atalanta",126
"172",1996,16.5166312757037,"Anthocharis midea",76
"173",1996,16.5166312757037,"Polygonia comma",85
"174",1996,16.5166312757037,"Abaeis nicippe",209
"175",1996,16.5166312757037,"Hylephila phyleus",209
"176",1996,16.5166312757037,"Colias eurytheme",209
"177",1996,16.5166312757037,"Junonia coenia",209
"178",1996,16.5166312757037,"Thorybes bathyllus",148
"179",1996,16.5166312757037,"Phyciodes tharos",126
"180",1996,16.5166312757037,"Vanessa virginiensis",148
"181",1996,16.5166312757037,"Polygonia interrogationis",96
"182",1996,16.5166312757037,"Libytheana carinenta",94
"183",1996,16.5166312757037,"Nastra lherminier",209
"184",1996,16.5166312757037,"Euptoieta claudia",133
"185",1996,16.5166312757037,"Erynnis juvenalis",96
"186",1996,16.5166312757037,"Atalopedes campestris",209
"187",1996,16.5166312757037,"Ancyloxypha numitor",154
"188",1996,16.5166312757037,"Epargyreus clarus",157
"189",1996,16.5166312757037,"Megisto cymela",148
"190",1996,16.5166312757037,"Pompeius verna",148
"191",1996,16.5166312757037,"Panoquina ocola",209
"192",1996,16.5166312757037,"Papilio glaucus",105
"193",1996,16.5166312757037,"Speyeria cybele",154
"194",1996,16.5166312757037,"Battus philenor",126
"195",1996,16.5166312757037,"Strymon melinus",197
"196",1996,16.5166312757037,"Limenitis arthemis astyanax",140
"197",1996,16.5166312757037,"Hermeuptychia sosybius",125
"198",1996,16.5166312757037,"Pieris rapae",148
"199",1996,16.5166312757037,"Limenitis archippus",140
"200",1996,16.5166312757037,"Lethe appalachia",208
"201",1996,16.5166312757037,"Lethe anthedon",209
"202",1996,16.5166312757037,"Wallengrenia otho",148
"203",1996,16.5166312757037,"Calycopis cecrops",209
"204",1996,16.5166312757037,"Erynnis horatius",177
"205",1996,16.5166312757037,"Papilio polyxenes",126
"206",1996,16.5166312757037,"Danaus plexippus",218
"207",1997,16.2134956105995,"Phyciodes tharos",131
"208",1997,16.2134956105995,"Polites origenes",144
"209",1997,16.2134956105995,"Megisto cymela",144
"210",1997,16.2134956105995,"Papilio glaucus",89
"211",1997,16.2134956105995,"Colias eurytheme",144
"212",1997,16.2134956105995,"Phoebis sennae",223
"213",1997,16.2134956105995,"Polygonia interrogationis",67
"214",1997,16.2134956105995,"Abaeis nicippe",96
"215",1997,16.2134956105995,"Cyllopsis gemma",89
"216",1997,16.2134956105995,"Cupido comyntas",110
"217",1997,16.2134956105995,"Panoquina ocola",207
"218",1997,16.2134956105995,"Pompeius verna",207
"219",1997,16.2134956105995,"Thorybes bathyllus",207
"220",1997,16.2134956105995,"Vanessa atalanta",131
"221",1997,16.2134956105995,"Vanessa virginiensis",110
"222",1997,16.2134956105995,"Battus philenor",110
"223",1997,16.2134956105995,"Polygonia comma",64
"224",1997,16.2134956105995,"Pyrgus communis",97
"225",1997,16.2134956105995,"Hermeuptychia sosybius",110
"226",1997,16.2134956105995,"Lerema accius",207
"227",1997,16.2134956105995,"Atalopedes campestris",221
"228",1997,16.2134956105995,"Papilio troilus",124
"229",1997,16.2134956105995,"Junonia coenia",207
"230",1997,16.2134956105995,"Wallengrenia otho",221
"231",1997,16.2134956105995,"Celastrina ladon",68
"232",1997,16.2134956105995,"Libytheana carinenta",60
"233",1997,16.2134956105995,"Euphyes vestris",207
"234",1997,16.2134956105995,"Nastra lherminier",207
"235",1997,16.2134956105995,"Anthocharis midea",72
"236",1997,16.2134956105995,"Papilio polyxenes",183
"237",1997,16.2134956105995,"Hylephila phyleus",207
"238",1997,16.2134956105995,"Danaus plexippus",110
"239",1997,16.2134956105995,"Epargyreus clarus",110
"240",1997,16.2134956105995,"Erynnis juvenalis",82
"241",1997,16.2134956105995,"Strymon melinus",173
"242",1997,16.2134956105995,"Celastrina neglecta",139
"243",1997,16.2134956105995,"Pieris rapae",81
"244",1997,16.2134956105995,"Erynnis horatius",110
"245",1997,16.2134956105995,"Euptoieta claudia",207
"246",1997,16.2134956105995,"Lethe anthedon",207
"247",1997,16.2134956105995,"Ancyloxypha numitor",144
"248",1997,16.2134956105995,"Limenitis archippus",235
"249",1997,16.2134956105995,"Lethe appalachia",207
"250",1997,16.2134956105995,"Calycopis cecrops",110
"251",1997,16.2134956105995,"Limenitis arthemis astyanax",122
"252",1997,16.2134956105995,"Asterocampa celtis",165
"253",1998,17.454062256466,"Papilio troilus",95
"254",1998,17.454062256466,"Colias eurytheme",144
"255",1998,17.454062256466,"Hylephila phyleus",199
"256",1998,17.454062256466,"Phyciodes tharos",125
"257",1998,17.454062256466,"Lerema accius",227
"258",1998,17.454062256466,"Megisto cymela",137
"259",1998,17.454062256466,"Euphyes vestris",144
"260",1998,17.454062256466,"Chlosyne nycteis",196
"261",1998,17.454062256466,"Thorybes bathyllus",129
"262",1998,17.454062256466,"Polites origenes",144
"263",1998,17.454062256466,"Panoquina ocola",207
"264",1998,17.454062256466,"Vanessa virginiensis",125
"265",1998,17.454062256466,"Pompeius verna",144
"266",1998,17.454062256466,"Vanessa atalanta",129
"267",1998,17.454062256466,"Polygonia interrogationis",88
"268",1998,17.454062256466,"Junonia coenia",198
"269",1998,17.454062256466,"Wallengrenia otho",151
"270",1998,17.454062256466,"Danaus plexippus",129
"271",1998,17.454062256466,"Epargyreus clarus",144
"272",1998,17.454062256466,"Libytheana carinenta",66
"273",1998,17.454062256466,"Phoebis sennae",149
"274",1998,17.454062256466,"Celastrina neglecta",140
"275",1998,17.454062256466,"Cyllopsis gemma",111
"276",1998,17.454062256466,"Erynnis horatius",179
"277",1998,17.454062256466,"Speyeria cybele",149
"278",1998,17.454062256466,"Pyrgus communis",227
"279",1998,17.454062256466,"Polygonia comma",95
"280",1998,17.454062256466,"Celastrina ladon",64
"281",1998,17.454062256466,"Atalopedes campestris",193
"282",1998,17.454062256466,"Strymon melinus",149
"283",1998,17.454062256466,"Papilio glaucus",92
"284",1998,17.454062256466,"Anthocharis midea",79
"285",1998,17.454062256466,"Limenitis arthemis astyanax",124
"286",1998,17.454062256466,"Hermeuptychia sosybius",129
"287",1998,17.454062256466,"Abaeis nicippe",88
"288",1998,17.454062256466,"Battus philenor",114
"289",1998,17.454062256466,"Lethe anthedon",144
"290",1998,17.454062256466,"Erynnis juvenalis",86
"291",1998,17.454062256466,"Cupido comyntas",125
"292",1998,17.454062256466,"Limenitis archippus",135
"293",1998,17.454062256466,"Calycopis cecrops",144
"294",1998,17.454062256466,"Pieris rapae",96
"295",1998,17.454062256466,"Nastra lherminier",144
"296",1998,17.454062256466,"Ancyloxypha numitor",137
"297",1998,17.454062256466,"Papilio polyxenes",142
"298",1998,17.454062256466,"Asterocampa celtis",138
"299",1998,17.454062256466,"Lethe appalachia",145
"300",1998,17.454062256466,"Euptoieta claudia",165
"301",1999,16.3994509958017,"Pyrgus communis",98
"302",1999,16.3994509958017,"Chlosyne nycteis",128
"303",1999,16.3994509958017,"Thorybes bathyllus",150
"304",1999,16.3994509958017,"Papilio troilus",143
"305",1999,16.3994509958017,"Hylephila phyleus",205
"306",1999,16.3994509958017,"Pompeius verna",150
"307",1999,16.3994509958017,"Libytheana carinenta",90
"308",1999,16.3994509958017,"Panoquina ocola",205
"309",1999,16.3994509958017,"Vanessa virginiensis",129
"310",1999,16.3994509958017,"Lerema accius",226
"311",1999,16.3994509958017,"Epargyreus clarus",150
"312",1999,16.3994509958017,"Speyeria cybele",168
"313",1999,16.3994509958017,"Colias eurytheme",92
"314",1999,16.3994509958017,"Junonia coenia",226
"315",1999,16.3994509958017,"Polites origenes",150
"316",1999,16.3994509958017,"Anthocharis midea",83
"317",1999,16.3994509958017,"Polygonia interrogationis",42
"318",1999,16.3994509958017,"Celastrina neglecta",135
"319",1999,16.3994509958017,"Wallengrenia otho",150
"320",1999,16.3994509958017,"Celastrina ladon",88
"321",1999,16.3994509958017,"Megisto cymela",139
"322",1999,16.3994509958017,"Abaeis nicippe",254
"323",1999,16.3994509958017,"Erynnis horatius",198
"324",1999,16.3994509958017,"Hermeuptychia sosybius",128
"325",1999,16.3994509958017,"Cyllopsis gemma",97
"326",1999,16.3994509958017,"Papilio glaucus",92
"327",1999,16.3994509958017,"Ancyloxypha numitor",150
"328",1999,16.3994509958017,"Battus philenor",98
"329",1999,16.3994509958017,"Pieris rapae",92
"330",1999,16.3994509958017,"Phoebis sennae",98
"331",1999,16.3994509958017,"Limenitis arthemis astyanax",99
"332",1999,16.3994509958017,"Danaus plexippus",226
"333",1999,16.3994509958017,"Phyciodes tharos",126
"334",1999,16.3994509958017,"Atalopedes campestris",205
"335",1999,16.3994509958017,"Erynnis juvenalis",87
"336",1999,16.3994509958017,"Vanessa atalanta",126
"337",1999,16.3994509958017,"Lethe anthedon",164
"338",1999,16.3994509958017,"Limenitis archippus",181
"339",1999,16.3994509958017,"Euphyes vestris",150
"340",1999,16.3994509958017,"Asterocampa celtis",138
"341",1999,16.3994509958017,"Papilio polyxenes",126
"342",1999,16.3994509958017,"Strymon melinus",205
"343",1999,16.3994509958017,"Cupido comyntas",98
"344",1999,16.3994509958017,"Euptoieta claudia",226
"345",1999,16.3994509958017,"Polygonia comma",76
"346",1999,16.3994509958017,"Nastra lherminier",150
"347",1999,16.3994509958017,"Calycopis cecrops",139
"348",1999,16.3994509958017,"Lethe appalachia",205
"349",2000,17.7515536882852,"Thorybes bathyllus",127
"350",2000,17.7515536882852,"Pompeius verna",211
"351",2000,17.7515536882852,"Panoquina ocola",214
"352",2000,17.7515536882852,"Colias eurytheme",70
"353",2000,17.7515536882852,"Celastrina ladon",71
"354",2000,17.7515536882852,"Celastrina neglecta",133
"355",2000,17.7515536882852,"Libytheana carinenta",174
"356",2000,17.7515536882852,"Epargyreus clarus",197
"357",2000,17.7515536882852,"Megisto cymela",139
"358",2000,17.7515536882852,"Lerema accius",225
"359",2000,17.7515536882852,"Vanessa virginiensis",113
"360",2000,17.7515536882852,"Papilio troilus",134
"361",2000,17.7515536882852,"Phyciodes tharos",114
"362",2000,17.7515536882852,"Hermeuptychia sosybius",127
"363",2000,17.7515536882852,"Chlosyne nycteis",232
"364",2000,17.7515536882852,"Speyeria cybele",152
"365",2000,17.7515536882852,"Danaus plexippus",223
"366",2000,17.7515536882852,"Pyrgus communis",101
"367",2000,17.7515536882852,"Polygonia interrogationis",132
"368",2000,17.7515536882852,"Wallengrenia otho",211
"369",2000,17.7515536882852,"Hylephila phyleus",211
"370",2000,17.7515536882852,"Pieris rapae",78
"371",2000,17.7515536882852,"Papilio glaucus",205
"372",2000,17.7515536882852,"Anthocharis midea",69
"373",2000,17.7515536882852,"Strymon melinus",152
"374",2000,17.7515536882852,"Lethe anthedon",211
"375",2000,17.7515536882852,"Cyllopsis gemma",103
"376",2000,17.7515536882852,"Battus philenor",111
"377",2000,17.7515536882852,"Abaeis nicippe",70
"378",2000,17.7515536882852,"Erynnis horatius",159
"379",2000,17.7515536882852,"Euphyes vestris",202
"380",2000,17.7515536882852,"Limenitis arthemis astyanax",193
"381",2000,17.7515536882852,"Limenitis archippus",229
"382",2000,17.7515536882852,"Junonia coenia",211
"383",2000,17.7515536882852,"Polygonia comma",71
"384",2000,17.7515536882852,"Phoebis sennae",232
"385",2000,17.7515536882852,"Atalopedes campestris",225
"386",2000,17.7515536882852,"Cupido comyntas",102
"387",2000,17.7515536882852,"Vanessa atalanta",143
"388",2000,17.7515536882852,"Ancyloxypha numitor",211
"389",2000,17.7515536882852,"Lethe appalachia",274
"390",2000,17.7515536882852,"Papilio polyxenes",146
"391",2000,17.7515536882852,"Nastra lherminier",211
"392",2000,17.7515536882852,"Euptoieta claudia",129
"393",2000,17.7515536882852,"Erynnis juvenalis",83
"394",2000,17.7515536882852,"Asterocampa celtis",148
"395",2000,17.7515536882852,"Calycopis cecrops",113
"396",2000,17.7515536882852,"Polites origenes",144
"397",2001,16.9360788368126,"Colias eurytheme",119
"398",2001,16.9360788368126,"Celastrina ladon",70
"399",2001,16.9360788368126,"Papilio troilus",119
"400",2001,16.9360788368126,"Speyeria cybele",147
"401",2001,16.9360788368126,"Epargyreus clarus",174
"402",2001,16.9360788368126,"Panoquina ocola",224
"403",2001,16.9360788368126,"Thorybes bathyllus",143
"404",2001,16.9360788368126,"Danaus plexippus",224
"405",2001,16.9360788368126,"Hylephila phyleus",216
"406",2001,16.9360788368126,"Lerema accius",216
"407",2001,16.9360788368126,"Polygonia interrogationis",57
"408",2001,16.9360788368126,"Hermeuptychia sosybius",133
"409",2001,16.9360788368126,"Lethe anthedon",156
"410",2001,16.9360788368126,"Wallengrenia otho",154
"411",2001,16.9360788368126,"Erynnis horatius",140
"412",2001,16.9360788368126,"Celastrina neglecta",138
"413",2001,16.9360788368126,"Pompeius verna",155
"414",2001,16.9360788368126,"Battus philenor",119
"415",2001,16.9360788368126,"Phyciodes tharos",119
"416",2001,16.9360788368126,"Chlosyne nycteis",134
"417",2001,16.9360788368126,"Pyrgus communis",216
"418",2001,16.9360788368126,"Ancyloxypha numitor",138
"419",2001,16.9360788368126,"Atalopedes campestris",216
"420",2001,16.9360788368126,"Cyllopsis gemma",98
"421",2001,16.9360788368126,"Anthocharis midea",76
"422",2001,16.9360788368126,"Megisto cymela",143
"423",2001,16.9360788368126,"Vanessa atalanta",199
"424",2001,16.9360788368126,"Papilio glaucus",89
"425",2001,16.9360788368126,"Phoebis sennae",224
"426",2001,16.9360788368126,"Junonia coenia",214
"427",2001,16.9360788368126,"Limenitis arthemis astyanax",155
"428",2001,16.9360788368126,"Pieris rapae",139
"429",2001,16.9360788368126,"Papilio polyxenes",132
"430",2001,16.9360788368126,"Limenitis archippus",224
"431",2001,16.9360788368126,"Abaeis nicippe",224
"432",2001,16.9360788368126,"Euptoieta claudia",154
"433",2001,16.9360788368126,"Polygonia comma",57
"434",2001,16.9360788368126,"Polites origenes",144
"435",2001,16.9360788368126,"Asterocampa celtis",154
"436",2001,16.9360788368126,"Libytheana carinenta",154
"437",2001,16.9360788368126,"Strymon melinus",212
"438",2001,16.9360788368126,"Euphyes vestris",156
"439",2001,16.9360788368126,"Nastra lherminier",140
"440",2001,16.9360788368126,"Cupido comyntas",119
"441",2001,16.9360788368126,"Lethe appalachia",152
"442",2001,16.9360788368126,"Calycopis cecrops",119
"443",2001,16.9360788368126,"Erynnis juvenalis",89
"444",2001,16.9360788368126,"Vanessa virginiensis",139
"445",2002,17.9899277169599,"Chlosyne nycteis",208
"446",2002,17.9899277169599,"Hylephila phyleus",199
"447",2002,17.9899277169599,"Celastrina neglecta",135
"448",2002,17.9899277169599,"Panoquina ocola",220
"449",2002,17.9899277169599,"Hermeuptychia sosybius",215
"450",2002,17.9899277169599,"Colias eurytheme",73
"451",2002,17.9899277169599,"Cyllopsis gemma",104
"452",2002,17.9899277169599,"Pyrgus communis",74
"453",2002,17.9899277169599,"Pieris rapae",132
"454",2002,17.9899277169599,"Celastrina ladon",73
"455",2002,17.9899277169599,"Erynnis horatius",166
"456",2002,17.9899277169599,"Phyciodes tharos",201
"457",2002,17.9899277169599,"Abaeis nicippe",228
"458",2002,17.9899277169599,"Epargyreus clarus",136
"459",2002,17.9899277169599,"Papilio troilus",190
"460",2002,17.9899277169599,"Papilio polyxenes",207
"461",2002,17.9899277169599,"Thorybes bathyllus",132
"462",2002,17.9899277169599,"Speyeria cybele",143
"463",2002,17.9899277169599,"Polygonia interrogationis",75
"464",2002,17.9899277169599,"Strymon melinus",208
"465",2002,17.9899277169599,"Junonia coenia",215
"466",2002,17.9899277169599,"Atalopedes campestris",215
"467",2002,17.9899277169599,"Wallengrenia otho",143
"468",2002,17.9899277169599,"Danaus plexippus",229
"469",2002,17.9899277169599,"Lethe anthedon",132
"470",2002,17.9899277169599,"Ancyloxypha numitor",215
"471",2002,17.9899277169599,"Megisto cymela",125
"472",2002,17.9899277169599,"Limenitis arthemis astyanax",153
"473",2002,17.9899277169599,"Euptoieta claudia",229
"474",2002,17.9899277169599,"Pompeius verna",143
"475",2002,17.9899277169599,"Battus philenor",95
"476",2002,17.9899277169599,"Lerema accius",215
"477",2002,17.9899277169599,"Euphyes vestris",213
"478",2002,17.9899277169599,"Phoebis sennae",229
"479",2002,17.9899277169599,"Anthocharis midea",73
"480",2002,17.9899277169599,"Cupido comyntas",190
"481",2002,17.9899277169599,"Nastra lherminier",132
"482",2002,17.9899277169599,"Polygonia comma",89
"483",2002,17.9899277169599,"Vanessa atalanta",97
"484",2002,17.9899277169599,"Lethe appalachia",207
"485",2002,17.9899277169599,"Limenitis archippus",136
"486",2002,17.9899277169599,"Vanessa virginiensis",93
"487",2002,17.9899277169599,"Calycopis cecrops",215
"488",2002,17.9899277169599,"Polites origenes",143
"489",2002,17.9899277169599,"Erynnis juvenalis",84
"490",2002,17.9899277169599,"Libytheana carinenta",132
"491",2002,17.9899277169599,"Papilio glaucus",190
"492",2002,17.9899277169599,"Asterocampa celtis",132
"493",2003,16.7063592517492,"Pompeius verna",202
"494",2003,16.7063592517492,"Phyciodes tharos",122
"495",2003,16.7063592517492,"Colias eurytheme",133
"496",2003,16.7063592517492,"Abaeis nicippe",221
"497",2003,16.7063592517492,"Panoquina ocola",222
"498",2003,16.7063592517492,"Thorybes bathyllus",194
"499",2003,16.7063592517492,"Lerema accius",224
"500",2003,16.7063592517492,"Hylephila phyleus",221
"501",2003,16.7063592517492,"Pyrgus communis",229
"502",2003,16.7063592517492,"Wallengrenia otho",161
"503",2003,16.7063592517492,"Atalopedes campestris",221
"504",2003,16.7063592517492,"Papilio polyxenes",160
"505",2003,16.7063592517492,"Chlosyne nycteis",192
"506",2003,16.7063592517492,"Cyllopsis gemma",96
"507",2003,16.7063592517492,"Papilio troilus",149
"508",2003,16.7063592517492,"Euptoieta claudia",221
"509",2003,16.7063592517492,"Megisto cymela",149
"510",2003,16.7063592517492,"Danaus plexippus",221
"511",2003,16.7063592517492,"Cupido comyntas",119
"512",2003,16.7063592517492,"Anthocharis midea",84
"513",2003,16.7063592517492,"Battus philenor",87
"514",2003,16.7063592517492,"Pieris rapae",132
"515",2003,16.7063592517492,"Erynnis horatius",202
"516",2003,16.7063592517492,"Hermeuptychia sosybius",136
"517",2003,16.7063592517492,"Erynnis juvenalis",94
"518",2003,16.7063592517492,"Polygonia interrogationis",119
"519",2003,16.7063592517492,"Celastrina neglecta",136
"520",2003,16.7063592517492,"Polites origenes",149
"521",2003,16.7063592517492,"Junonia coenia",221
"522",2003,16.7063592517492,"Epargyreus clarus",219
"523",2003,16.7063592517492,"Papilio glaucus",96
"524",2003,16.7063592517492,"Vanessa atalanta",128
"525",2003,16.7063592517492,"Lethe appalachia",148
"526",2003,16.7063592517492,"Celastrina ladon",81
"527",2003,16.7063592517492,"Ancyloxypha numitor",194
"528",2003,16.7063592517492,"Phoebis sennae",266
"529",2003,16.7063592517492,"Speyeria cybele",172
"530",2003,16.7063592517492,"Euphyes vestris",218
"531",2003,16.7063592517492,"Lethe anthedon",149
"532",2003,16.7063592517492,"Asterocampa celtis",149
"533",2003,16.7063592517492,"Limenitis archippus",221
"534",2003,16.7063592517492,"Limenitis arthemis astyanax",133
"535",2003,16.7063592517492,"Libytheana carinenta",205
"536",2003,16.7063592517492,"Calycopis cecrops",202
"537",2003,16.7063592517492,"Strymon melinus",160
"538",2003,16.7063592517492,"Polygonia comma",81
"539",2003,16.7063592517492,"Nastra lherminier",172
"540",2003,16.7063592517492,"Vanessa virginiensis",169
"541",2004,18.1869373134549,"Pompeius verna",140
"542",2004,18.1869373134549,"Pyrgus communis",115
"543",2004,18.1869373134549,"Papilio troilus",125
"544",2004,18.1869373134549,"Hylephila phyleus",197
"545",2004,18.1869373134549,"Thorybes bathyllus",126
"546",2004,18.1869373134549,"Phyciodes tharos",116
"547",2004,18.1869373134549,"Atalopedes campestris",152
"548",2004,18.1869373134549,"Colias eurytheme",125
"549",2004,18.1869373134549,"Chlosyne nycteis",126
"550",2004,18.1869373134549,"Polites origenes",146
"551",2004,18.1869373134549,"Hermeuptychia sosybius",125
"552",2004,18.1869373134549,"Megisto cymela",137
"553",2004,18.1869373134549,"Wallengrenia otho",137
"554",2004,18.1869373134549,"Abaeis nicippe",107
"555",2004,18.1869373134549,"Speyeria cybele",137
"556",2004,18.1869373134549,"Anthocharis midea",74
"557",2004,18.1869373134549,"Papilio polyxenes",108
"558",2004,18.1869373134549,"Polygonia interrogationis",64
"559",2004,18.1869373134549,"Epargyreus clarus",130
"560",2004,18.1869373134549,"Panoquina ocola",255
"561",2004,18.1869373134549,"Celastrina ladon",79
"562",2004,18.1869373134549,"Danaus plexippus",172
"563",2004,18.1869373134549,"Strymon melinus",89
"564",2004,18.1869373134549,"Phoebis sennae",172
"565",2004,18.1869373134549,"Limenitis archippus",136
"566",2004,18.1869373134549,"Lerema accius",248
"567",2004,18.1869373134549,"Euptoieta claudia",172
"568",2004,18.1869373134549,"Lethe anthedon",140
"569",2004,18.1869373134549,"Pieris rapae",125
"570",2004,18.1869373134549,"Vanessa atalanta",119
"571",2004,18.1869373134549,"Ancyloxypha numitor",137
"572",2004,18.1869373134549,"Calycopis cecrops",109
"573",2004,18.1869373134549,"Asterocampa celtis",140
"574",2004,18.1869373134549,"Battus philenor",109
"575",2004,18.1869373134549,"Cyllopsis gemma",107
"576",2004,18.1869373134549,"Erynnis juvenalis",85
"577",2004,18.1869373134549,"Vanessa virginiensis",114
"578",2004,18.1869373134549,"Lethe appalachia",172
"579",2004,18.1869373134549,"Cupido comyntas",107
"580",2004,18.1869373134549,"Junonia coenia",126
"581",2004,18.1869373134549,"Limenitis arthemis astyanax",126
"582",2004,18.1869373134549,"Celastrina neglecta",136
"583",2004,18.1869373134549,"Erynnis horatius",125
"584",2004,18.1869373134549,"Polygonia comma",60
"585",2004,18.1869373134549,"Nastra lherminier",146
"586",2004,18.1869373134549,"Papilio glaucus",98
"587",2004,18.1869373134549,"Libytheana carinenta",106
"588",2004,18.1869373134549,"Euphyes vestris",137
"589",2005,16.0500923775103,"Colias eurytheme",121
"590",2005,16.0500923775103,"Polygonia interrogationis",89
"591",2005,16.0500923775103,"Chlosyne nycteis",138
"592",2005,16.0500923775103,"Wallengrenia otho",233
"593",2005,16.0500923775103,"Papilio polyxenes",100
"594",2005,16.0500923775103,"Hylephila phyleus",233
"595",2005,16.0500923775103,"Pompeius verna",155
"596",2005,16.0500923775103,"Phyciodes tharos",121
"597",2005,16.0500923775103,"Megisto cymela",155
"598",2005,16.0500923775103,"Thorybes bathyllus",155
"599",2005,16.0500923775103,"Speyeria cybele",149
"600",2005,16.0500923775103,"Hermeuptychia sosybius",118
"601",2005,16.0500923775103,"Anthocharis midea",88
"602",2005,16.0500923775103,"Vanessa atalanta",93
"603",2005,16.0500923775103,"Epargyreus clarus",155
"604",2005,16.0500923775103,"Abaeis nicippe",233
"605",2005,16.0500923775103,"Danaus plexippus",228
"606",2005,16.0500923775103,"Celastrina ladon",88
"607",2005,16.0500923775103,"Cupido comyntas",121
"608",2005,16.0500923775103,"Pyrgus communis",233
"609",2005,16.0500923775103,"Phoebis sennae",233
"610",2005,16.0500923775103,"Lethe appalachia",146
"611",2005,16.0500923775103,"Lethe anthedon",155
"612",2005,16.0500923775103,"Atalopedes campestris",233
"613",2005,16.0500923775103,"Pieris rapae",183
"614",2005,16.0500923775103,"Panoquina ocola",233
"615",2005,16.0500923775103,"Strymon melinus",205
"616",2005,16.0500923775103,"Polites origenes",233
"617",2005,16.0500923775103,"Cyllopsis gemma",96
"618",2005,16.0500923775103,"Papilio troilus",124
"619",2005,16.0500923775103,"Papilio glaucus",132
"620",2005,16.0500923775103,"Euptoieta claudia",184
"621",2005,16.0500923775103,"Asterocampa celtis",170
"622",2005,16.0500923775103,"Limenitis archippus",233
"623",2005,16.0500923775103,"Erynnis horatius",205
"624",2005,16.0500923775103,"Lerema accius",233
"625",2005,16.0500923775103,"Ancyloxypha numitor",233
"626",2005,16.0500923775103,"Vanessa virginiensis",121
"627",2005,16.0500923775103,"Junonia coenia",228
"628",2005,16.0500923775103,"Calycopis cecrops",123
"629",2005,16.0500923775103,"Polygonia comma",83
"630",2005,16.0500923775103,"Erynnis juvenalis",89
"631",2005,16.0500923775103,"Limenitis arthemis astyanax",200
"632",2005,16.0500923775103,"Celastrina neglecta",83
"633",2005,16.0500923775103,"Libytheana carinenta",93
"634",2005,16.0500923775103,"Euphyes vestris",146
"635",2005,16.0500923775103,"Nastra lherminier",233
"636",2005,16.0500923775103,"Battus philenor",101
"637",2006,17.0037044194084,"Epargyreus clarus",158
"638",2006,17.0037044194084,"Hermeuptychia sosybius",118
"639",2006,17.0037044194084,"Colias eurytheme",92
"640",2006,17.0037044194084,"Wallengrenia otho",209
"641",2006,17.0037044194084,"Polygonia interrogationis",59
"642",2006,17.0037044194084,"Hylephila phyleus",209
"643",2006,17.0037044194084,"Panoquina ocola",211
"644",2006,17.0037044194084,"Abaeis nicippe",115
"645",2006,17.0037044194084,"Danaus plexippus",225
"646",2006,17.0037044194084,"Chlosyne nycteis",120
"647",2006,17.0037044194084,"Pyrgus communis",209
"648",2006,17.0037044194084,"Thorybes bathyllus",158
"649",2006,17.0037044194084,"Speyeria cybele",147
"650",2006,17.0037044194084,"Atalopedes campestris",218
"651",2006,17.0037044194084,"Papilio polyxenes",95
"652",2006,17.0037044194084,"Polygonia comma",47
"653",2006,17.0037044194084,"Pieris rapae",197
"654",2006,17.0037044194084,"Phyciodes tharos",110
"655",2006,17.0037044194084,"Megisto cymela",136
"656",2006,17.0037044194084,"Celastrina ladon",72
"657",2006,17.0037044194084,"Pompeius verna",211
"658",2006,17.0037044194084,"Erynnis horatius",166
"659",2006,17.0037044194084,"Vanessa atalanta",115
"660",2006,17.0037044194084,"Cupido comyntas",105
"661",2006,17.0037044194084,"Vanessa virginiensis",121
"662",2006,17.0037044194084,"Papilio troilus",149
"663",2006,17.0037044194084,"Lerema accius",232
"664",2006,17.0037044194084,"Limenitis arthemis astyanax",126
"665",2006,17.0037044194084,"Euptoieta claudia",209
"666",2006,17.0037044194084,"Lethe anthedon",225
"667",2006,17.0037044194084,"Ancyloxypha numitor",232
"668",2006,17.0037044194084,"Battus philenor",133
"669",2006,17.0037044194084,"Nastra lherminier",209
"670",2006,17.0037044194084,"Phoebis sennae",225
"671",2006,17.0037044194084,"Polites origenes",157
"672",2006,17.0037044194084,"Anthocharis midea",71
"673",2006,17.0037044194084,"Euphyes vestris",209
"674",2006,17.0037044194084,"Lethe appalachia",209
"675",2006,17.0037044194084,"Erynnis juvenalis",72
"676",2006,17.0037044194084,"Celastrina neglecta",133
"677",2006,17.0037044194084,"Limenitis archippus",225
"678",2006,17.0037044194084,"Libytheana carinenta",136
"679",2006,17.0037044194084,"Asterocampa celtis",209
"680",2006,17.0037044194084,"Calycopis cecrops",211
"681",2006,17.0037044194084,"Cyllopsis gemma",95
"682",2006,17.0037044194084,"Papilio glaucus",99
"683",2006,17.0037044194084,"Junonia coenia",209
"684",2006,17.0037044194084,"Strymon melinus",209
"685",2007,17.4935642165419,"Danaus plexippus",215
"686",2007,17.4935642165419,"Hermeuptychia sosybius",126
"687",2007,17.4935642165419,"Pompeius verna",157
"688",2007,17.4935642165419,"Wallengrenia otho",145
"689",2007,17.4935642165419,"Pyrgus communis",265
"690",2007,17.4935642165419,"Erynnis horatius",157
"691",2007,17.4935642165419,"Atalopedes campestris",188
"692",2007,17.4935642165419,"Papilio troilus",94
"693",2007,17.4935642165419,"Thorybes bathyllus",118
"694",2007,17.4935642165419,"Lerema accius",251
"695",2007,17.4935642165419,"Celastrina ladon",70
"696",2007,17.4935642165419,"Panoquina ocola",273
"697",2007,17.4935642165419,"Vanessa virginiensis",118
"698",2007,17.4935642165419,"Abaeis nicippe",174
"699",2007,17.4935642165419,"Vanessa atalanta",188
"700",2007,17.4935642165419,"Polygonia comma",81
"701",2007,17.4935642165419,"Epargyreus clarus",140
"702",2007,17.4935642165419,"Hylephila phyleus",215
"703",2007,17.4935642165419,"Colias eurytheme",160
"704",2007,17.4935642165419,"Papilio glaucus",85
"705",2007,17.4935642165419,"Cupido comyntas",145
"706",2007,17.4935642165419,"Celastrina neglecta",126
"707",2007,17.4935642165419,"Pieris rapae",121
"708",2007,17.4935642165419,"Chlosyne nycteis",127
"709",2007,17.4935642165419,"Limenitis archippus",215
"710",2007,17.4935642165419,"Ancyloxypha numitor",188
"711",2007,17.4935642165419,"Megisto cymela",133
"712",2007,17.4935642165419,"Polygonia interrogationis",82
"713",2007,17.4935642165419,"Libytheana carinenta",172
"714",2007,17.4935642165419,"Speyeria cybele",145
"715",2007,17.4935642165419,"Cyllopsis gemma",91
"716",2007,17.4935642165419,"Anthocharis midea",82
"717",2007,17.4935642165419,"Euphyes vestris",153
"718",2007,17.4935642165419,"Nastra lherminier",215
"719",2007,17.4935642165419,"Euptoieta claudia",160
"720",2007,17.4935642165419,"Phyciodes tharos",126
"721",2007,17.4935642165419,"Battus philenor",173
"722",2007,17.4935642165419,"Junonia coenia",174
"723",2007,17.4935642165419,"Erynnis juvenalis",83
"724",2007,17.4935642165419,"Lethe appalachia",215
"725",2007,17.4935642165419,"Lethe anthedon",147
"726",2007,17.4935642165419,"Asterocampa celtis",188
"727",2007,17.4935642165419,"Phoebis sennae",215
"728",2007,17.4935642165419,"Limenitis arthemis astyanax",140
"729",2007,17.4935642165419,"Papilio polyxenes",85
"730",2007,17.4935642165419,"Polites origenes",145
"731",2007,17.4935642165419,"Strymon melinus",215
"732",2007,17.4935642165419,"Calycopis cecrops",108
"733",2008,17.4889564911779,"Colias eurytheme",143
"734",2008,17.4889564911779,"Pompeius verna",221
"735",2008,17.4889564911779,"Danaus plexippus",221
"736",2008,17.4889564911779,"Papilio troilus",136
"737",2008,17.4889564911779,"Wallengrenia otho",221
"738",2008,17.4889564911779,"Chlosyne nycteis",124
"739",2008,17.4889564911779,"Pieris rapae",147
"740",2008,17.4889564911779,"Epargyreus clarus",213
"741",2008,17.4889564911779,"Celastrina ladon",66
"742",2008,17.4889564911779,"Hermeuptychia sosybius",124
"743",2008,17.4889564911779,"Panoquina ocola",221
"744",2008,17.4889564911779,"Lerema accius",223
"745",2008,17.4889564911779,"Vanessa virginiensis",136
"746",2008,17.4889564911779,"Phoebis sennae",167
"747",2008,17.4889564911779,"Polygonia interrogationis",80
"748",2008,17.4889564911779,"Vanessa atalanta",109
"749",2008,17.4889564911779,"Atalopedes campestris",221
"750",2008,17.4889564911779,"Ancyloxypha numitor",221
"751",2008,17.4889564911779,"Abaeis nicippe",101
"752",2008,17.4889564911779,"Celastrina neglecta",142
"753",2008,17.4889564911779,"Hylephila phyleus",221
"754",2008,17.4889564911779,"Thorybes bathyllus",177
"755",2008,17.4889564911779,"Phyciodes tharos",124
"756",2008,17.4889564911779,"Papilio polyxenes",108
"757",2008,17.4889564911779,"Speyeria cybele",137
"758",2008,17.4889564911779,"Junonia coenia",173
"759",2008,17.4889564911779,"Erynnis horatius",171
"760",2008,17.4889564911779,"Nastra lherminier",221
"761",2008,17.4889564911779,"Papilio glaucus",95
"762",2008,17.4889564911779,"Anthocharis midea",73
"763",2008,17.4889564911779,"Lethe anthedon",221
"764",2008,17.4889564911779,"Erynnis juvenalis",93
"765",2008,17.4889564911779,"Pyrgus communis",124
"766",2008,17.4889564911779,"Megisto cymela",142
"767",2008,17.4889564911779,"Calycopis cecrops",124
"768",2008,17.4889564911779,"Polygonia comma",124
"769",2008,17.4889564911779,"Euptoieta claudia",173
"770",2008,17.4889564911779,"Battus philenor",163
"771",2008,17.4889564911779,"Euphyes vestris",185
"772",2008,17.4889564911779,"Libytheana carinenta",61
"773",2008,17.4889564911779,"Polites origenes",146
"774",2008,17.4889564911779,"Cupido comyntas",109
"775",2008,17.4889564911779,"Limenitis arthemis astyanax",136
"776",2008,17.4889564911779,"Cyllopsis gemma",101
"777",2008,17.4889564911779,"Limenitis archippus",186
"778",2008,17.4889564911779,"Strymon melinus",184
"779",2008,17.4889564911779,"Lethe appalachia",159
"780",2008,17.4889564911779,"Asterocampa celtis",162
"781",2009,17.4286913962641,"Wallengrenia otho",219
"782",2009,17.4286913962641,"Epargyreus clarus",155
"783",2009,17.4286913962641,"Papilio troilus",157
"784",2009,17.4286913962641,"Danaus plexippus",228
"785",2009,17.4286913962641,"Polygonia interrogationis",108
"786",2009,17.4286913962641,"Celastrina ladon",78
"787",2009,17.4286913962641,"Abaeis nicippe",219
"788",2009,17.4286913962641,"Atalopedes campestris",213
"789",2009,17.4286913962641,"Colias eurytheme",143
"790",2009,17.4286913962641,"Lethe anthedon",213
"791",2009,17.4286913962641,"Celastrina neglecta",141
"792",2009,17.4286913962641,"Battus philenor",140
"793",2009,17.4286913962641,"Hylephila phyleus",214
"794",2009,17.4286913962641,"Pieris rapae",141
"795",2009,17.4286913962641,"Ancyloxypha numitor",183
"796",2009,17.4286913962641,"Anthocharis midea",78
"797",2009,17.4286913962641,"Panoquina ocola",213
"798",2009,17.4286913962641,"Nastra lherminier",219
"799",2009,17.4286913962641,"Phoebis sennae",219
"800",2009,17.4286913962641,"Cyllopsis gemma",108
"801",2009,17.4286913962641,"Pyrgus communis",207
"802",2009,17.4286913962641,"Papilio polyxenes",122
"803",2009,17.4286913962641,"Strymon melinus",200
"804",2009,17.4286913962641,"Papilio glaucus",106
"805",2009,17.4286913962641,"Erynnis horatius",172
"806",2009,17.4286913962641,"Chlosyne nycteis",186
"807",2009,17.4286913962641,"Polygonia comma",136
"808",2009,17.4286913962641,"Megisto cymela",140
"809",2009,17.4286913962641,"Lerema accius",219
"810",2009,17.4286913962641,"Phyciodes tharos",172
"811",2009,17.4286913962641,"Pompeius verna",152
"812",2009,17.4286913962641,"Limenitis archippus",220
"813",2009,17.4286913962641,"Polites origenes",152
"814",2009,17.4286913962641,"Limenitis arthemis astyanax",134
"815",2009,17.4286913962641,"Speyeria cybele",152
"816",2009,17.4286913962641,"Hermeuptychia sosybius",181
"817",2009,17.4286913962641,"Erynnis juvenalis",88
"818",2009,17.4286913962641,"Libytheana carinenta",147
"819",2009,17.4286913962641,"Euptoieta claudia",157
"820",2009,17.4286913962641,"Junonia coenia",206
"821",2009,17.4286913962641,"Lethe appalachia",146
"822",2009,17.4286913962641,"Calycopis cecrops",120
"823",2009,17.4286913962641,"Thorybes bathyllus",138
"824",2009,17.4286913962641,"Vanessa atalanta",141
"825",2009,17.4286913962641,"Cupido comyntas",152
"826",2009,17.4286913962641,"Euphyes vestris",157
"827",2009,17.4286913962641,"Asterocampa celtis",165
"828",2009,17.4286913962641,"Vanessa virginiensis",140
"829",2010,18.637738912656,"Abaeis nicippe",227
"830",2010,18.637738912656,"Polygonia interrogationis",90
"831",2010,18.637738912656,"Hylephila phyleus",226
"832",2010,18.637738912656,"Celastrina ladon",78
"833",2010,18.637738912656,"Polygonia comma",68
"834",2010,18.637738912656,"Celastrina neglecta",127
"835",2010,18.637738912656,"Wallengrenia otho",150
"836",2010,18.637738912656,"Thorybes bathyllus",134
"837",2010,18.637738912656,"Colias eurytheme",150
"838",2010,18.637738912656,"Pyrgus communis",227
"839",2010,18.637738912656,"Papilio polyxenes",101
"840",2010,18.637738912656,"Junonia coenia",216
"841",2010,18.637738912656,"Cyllopsis gemma",101
"842",2010,18.637738912656,"Epargyreus clarus",136
"843",2010,18.637738912656,"Phyciodes tharos",218
"844",2010,18.637738912656,"Lethe appalachia",134
"845",2010,18.637738912656,"Papilio glaucus",148
"846",2010,18.637738912656,"Phoebis sennae",227
"847",2010,18.637738912656,"Lethe anthedon",136
"848",2010,18.637738912656,"Pieris rapae",90
"849",2010,18.637738912656,"Pompeius verna",136
"850",2010,18.637738912656,"Danaus plexippus",216
"851",2010,18.637738912656,"Battus philenor",101
"852",2010,18.637738912656,"Vanessa atalanta",133
"853",2010,18.637738912656,"Speyeria cybele",136
"854",2010,18.637738912656,"Papilio troilus",136
"855",2010,18.637738912656,"Atalopedes campestris",218
"856",2010,18.637738912656,"Anthocharis midea",84
"857",2010,18.637738912656,"Libytheana carinenta",121
"858",2010,18.637738912656,"Erynnis juvenalis",94
"859",2010,18.637738912656,"Lerema accius",218
"860",2010,18.637738912656,"Hermeuptychia sosybius",129
"861",2010,18.637738912656,"Ancyloxypha numitor",136
"862",2010,18.637738912656,"Panoquina ocola",247
"863",2010,18.637738912656,"Erynnis horatius",177
"864",2010,18.637738912656,"Euptoieta claudia",178
"865",2010,18.637738912656,"Cupido comyntas",116
"866",2010,18.637738912656,"Strymon melinus",150
"867",2010,18.637738912656,"Chlosyne nycteis",121
"868",2010,18.637738912656,"Limenitis arthemis astyanax",134
"869",2010,18.637738912656,"Euphyes vestris",148
"870",2010,18.637738912656,"Vanessa virginiensis",129
"871",2010,18.637738912656,"Limenitis archippus",122
"872",2010,18.637738912656,"Megisto cymela",133
"873",2010,18.637738912656,"Calycopis cecrops",129
"874",2010,18.637738912656,"Nastra lherminier",218
"875",2010,18.637738912656,"Asterocampa celtis",140
"876",2010,18.637738912656,"Polites origenes",148
"877",2011,18.0275737926692,"Cyllopsis gemma",119
"878",2011,18.0275737926692,"Phyciodes tharos",214
"879",2011,18.0275737926692,"Abaeis nicippe",226
"880",2011,18.0275737926692,"Colias eurytheme",137
"881",2011,18.0275737926692,"Celastrina neglecta",72
"882",2011,18.0275737926692,"Papilio troilus",119
"883",2011,18.0275737926692,"Pyrgus communis",226
"884",2011,18.0275737926692,"Polygonia interrogationis",82
"885",2011,18.0275737926692,"Papilio glaucus",94
"886",2011,18.0275737926692,"Danaus plexippus",226
"887",2011,18.0275737926692,"Cupido comyntas",141
"888",2011,18.0275737926692,"Speyeria cybele",138
"889",2011,18.0275737926692,"Pompeius verna",224
"890",2011,18.0275737926692,"Chlosyne nycteis",127
"891",2011,18.0275737926692,"Atalopedes campestris",226
"892",2011,18.0275737926692,"Wallengrenia otho",144
"893",2011,18.0275737926692,"Battus philenor",218
"894",2011,18.0275737926692,"Phoebis sennae",226
"895",2011,18.0275737926692,"Thorybes bathyllus",142
"896",2011,18.0275737926692,"Celastrina ladon",64
"897",2011,18.0275737926692,"Lethe anthedon",213
"898",2011,18.0275737926692,"Vanessa atalanta",108
"899",2011,18.0275737926692,"Limenitis archippus",144
"900",2011,18.0275737926692,"Calycopis cecrops",184
"901",2011,18.0275737926692,"Papilio polyxenes",117
"902",2011,18.0275737926692,"Hylephila phyleus",226
"903",2011,18.0275737926692,"Pieris rapae",137
"904",2011,18.0275737926692,"Anthocharis midea",72
"905",2011,18.0275737926692,"Megisto cymela",142
"906",2011,18.0275737926692,"Lerema accius",226
"907",2011,18.0275737926692,"Strymon melinus",214
"908",2011,18.0275737926692,"Hermeuptychia sosybius",184
"909",2011,18.0275737926692,"Nastra lherminier",143
"910",2011,18.0275737926692,"Euptoieta claudia",198
"911",2011,18.0275737926692,"Asterocampa celtis",143
"912",2011,18.0275737926692,"Erynnis juvenalis",78
"913",2011,18.0275737926692,"Lethe appalachia",149
"914",2011,18.0275737926692,"Polygonia comma",71
"915",2011,18.0275737926692,"Epargyreus clarus",137
"916",2011,18.0275737926692,"Ancyloxypha numitor",142
"917",2011,18.0275737926692,"Panoquina ocola",208
"918",2011,18.0275737926692,"Junonia coenia",226
"919",2011,18.0275737926692,"Vanessa virginiensis",127
"920",2011,18.0275737926692,"Libytheana carinenta",45
"921",2011,18.0275737926692,"Polites origenes",190
"922",2011,18.0275737926692,"Erynnis horatius",208
"923",2011,18.0275737926692,"Euphyes vestris",226
"924",2011,18.0275737926692,"Limenitis arthemis astyanax",127
"925",2012,18.3374327633547,"Hylephila phyleus",196
"926",2012,18.3374327633547,"Speyeria cybele",135
"927",2012,18.3374327633547,"Phyciodes tharos",120
"928",2012,18.3374327633547,"Polygonia interrogationis",86
"929",2012,18.3374327633547,"Wallengrenia otho",135
"930",2012,18.3374327633547,"Pompeius verna",196
"931",2012,18.3374327633547,"Cyllopsis gemma",85
"932",2012,18.3374327633547,"Cupido comyntas",132
"933",2012,18.3374327633547,"Lerema accius",231
"934",2012,18.3374327633547,"Strymon melinus",162
"935",2012,18.3374327633547,"Colias eurytheme",75
"936",2012,18.3374327633547,"Hermeuptychia sosybius",126
"937",2012,18.3374327633547,"Vanessa virginiensis",97
"938",2012,18.3374327633547,"Lethe anthedon",126
"939",2012,18.3374327633547,"Papilio troilus",94
"940",2012,18.3374327633547,"Junonia coenia",162
"941",2012,18.3374327633547,"Papilio polyxenes",120
"942",2012,18.3374327633547,"Danaus plexippus",230
"943",2012,18.3374327633547,"Abaeis nicippe",230
"944",2012,18.3374327633547,"Chlosyne nycteis",126
"945",2012,18.3374327633547,"Panoquina ocola",231
"946",2012,18.3374327633547,"Megisto cymela",127
"947",2012,18.3374327633547,"Calycopis cecrops",174
"948",2012,18.3374327633547,"Phoebis sennae",230
"949",2012,18.3374327633547,"Pyrgus communis",231
"950",2012,18.3374327633547,"Erynnis horatius",160
"951",2012,18.3374327633547,"Ancyloxypha numitor",189
"952",2012,18.3374327633547,"Papilio glaucus",203
"953",2012,18.3374327633547,"Atalopedes campestris",183
"954",2012,18.3374327633547,"Limenitis archippus",230
"955",2012,18.3374327633547,"Vanessa atalanta",120
"956",2012,18.3374327633547,"Epargyreus clarus",132
"957",2012,18.3374327633547,"Pieris rapae",79
"958",2012,18.3374327633547,"Battus philenor",126
"959",2012,18.3374327633547,"Erynnis juvenalis",77
"960",2012,18.3374327633547,"Asterocampa celtis",231
"961",2012,18.3374327633547,"Thorybes bathyllus",121
"962",2012,18.3374327633547,"Limenitis arthemis astyanax",125
"963",2012,18.3374327633547,"Polygonia comma",125
"964",2012,18.3374327633547,"Polites origenes",136
"965",2012,18.3374327633547,"Anthocharis midea",67
"966",2012,18.3374327633547,"Euphyes vestris",196
"967",2012,18.3374327633547,"Euptoieta claudia",132
"968",2012,18.3374327633547,"Celastrina ladon",61
"969",2012,18.3374327633547,"Celastrina neglecta",126
"970",2012,18.3374327633547,"Nastra lherminier",131
"971",2012,18.3374327633547,"Lethe appalachia",145
"972",2012,18.3374327633547,"Libytheana carinenta",121
"973",2013,15.9451535918766,"Phyciodes tharos",200
"974",2013,15.9451535918766,"Wallengrenia otho",187
"975",2013,15.9451535918766,"Battus philenor",116
"976",2013,15.9451535918766,"Abaeis nicippe",222
"977",2013,15.9451535918766,"Panoquina ocola",230
"978",2013,15.9451535918766,"Colias eurytheme",107
"979",2013,15.9451535918766,"Papilio troilus",215
"980",2013,15.9451535918766,"Polygonia interrogationis",142
"981",2013,15.9451535918766,"Phoebis sennae",230
"982",2013,15.9451535918766,"Lerema accius",222
"983",2013,15.9451535918766,"Epargyreus clarus",203
"984",2013,15.9451535918766,"Pompeius verna",230
"985",2013,15.9451535918766,"Hylephila phyleus",209
"986",2013,15.9451535918766,"Hermeuptychia sosybius",146
"987",2013,15.9451535918766,"Megisto cymela",139
"988",2013,15.9451535918766,"Cyllopsis gemma",128
"989",2013,15.9451535918766,"Chlosyne nycteis",130
"990",2013,15.9451535918766,"Pyrgus communis",201
"991",2013,15.9451535918766,"Vanessa virginiensis",138
"992",2013,15.9451535918766,"Calycopis cecrops",200
"993",2013,15.9451535918766,"Speyeria cybele",142
"994",2013,15.9451535918766,"Papilio glaucus",129
"995",2013,15.9451535918766,"Papilio polyxenes",201
"996",2013,15.9451535918766,"Atalopedes campestris",187
"997",2013,15.9451535918766,"Danaus plexippus",189
"998",2013,15.9451535918766,"Limenitis archippus",222
"999",2013,15.9451535918766,"Vanessa atalanta",111
"1000",2013,15.9451535918766,"Junonia coenia",209
"1001",2013,15.9451535918766,"Polites origenes",177
"1002",2013,15.9451535918766,"Thorybes bathyllus",108
"1003",2013,15.9451535918766,"Strymon melinus",203
"1004",2013,15.9451535918766,"Lethe anthedon",230
"1005",2013,15.9451535918766,"Ancyloxypha numitor",180
"1006",2013,15.9451535918766,"Asterocampa celtis",180
"1007",2013,15.9451535918766,"Cupido comyntas",111
"1008",2013,15.9451535918766,"Libytheana carinenta",150
"1009",2013,15.9451535918766,"Lethe appalachia",155
"1010",2013,15.9451535918766,"Pieris rapae",160
"1011",2013,15.9451535918766,"Anthocharis midea",91
"1012",2013,15.9451535918766,"Erynnis horatius",187
"1013",2013,15.9451535918766,"Celastrina neglecta",142
"1014",2013,15.9451535918766,"Celastrina ladon",116
"1015",2013,15.9451535918766,"Euptoieta claudia",208
"1016",2013,15.9451535918766,"Polygonia comma",116
"1017",2013,15.9451535918766,"Nastra lherminier",230
"1018",2013,15.9451535918766,"Limenitis arthemis astyanax",222
"1019",2013,15.9451535918766,"Erynnis juvenalis",96
"1020",2013,15.9451535918766,"Euphyes vestris",208
"1021",2014,16.4399462761557,"Wallengrenia otho",158
"1022",2014,16.4399462761557,"Abaeis nicippe",225
"1023",2014,16.4399462761557,"Polygonia interrogationis",91
"1024",2014,16.4399462761557,"Panoquina ocola",227
"1025",2014,16.4399462761557,"Colias eurytheme",99
"1026",2014,16.4399462761557,"Chlosyne nycteis",131
"1027",2014,16.4399462761557,"Celastrina ladon",70
"1028",2014,16.4399462761557,"Papilio troilus",126
"1029",2014,16.4399462761557,"Pyrgus communis",229
"1030",2014,16.4399462761557,"Hermeuptychia sosybius",174
"1031",2014,16.4399462761557,"Pompeius verna",224
"1032",2014,16.4399462761557,"Phyciodes tharos",180
"1033",2014,16.4399462761557,"Epargyreus clarus",174
"1034",2014,16.4399462761557,"Thorybes bathyllus",163
"1035",2014,16.4399462761557,"Speyeria cybele",156
"1036",2014,16.4399462761557,"Battus philenor",163
"1037",2014,16.4399462761557,"Cyllopsis gemma",112
"1038",2014,16.4399462761557,"Limenitis archippus",199
"1039",2014,16.4399462761557,"Limenitis arthemis astyanax",199
"1040",2014,16.4399462761557,"Hylephila phyleus",227
"1041",2014,16.4399462761557,"Pieris rapae",164
"1042",2014,16.4399462761557,"Lerema accius",227
"1043",2014,16.4399462761557,"Asterocampa celtis",151
"1044",2014,16.4399462761557,"Strymon melinus",189
"1045",2014,16.4399462761557,"Danaus plexippus",229
"1046",2014,16.4399462761557,"Vanessa virginiensis",174
"1047",2014,16.4399462761557,"Lethe anthedon",153
"1048",2014,16.4399462761557,"Cupido comyntas",152
"1049",2014,16.4399462761557,"Megisto cymela",132
"1050",2014,16.4399462761557,"Ancyloxypha numitor",209
"1051",2014,16.4399462761557,"Junonia coenia",218
"1052",2014,16.4399462761557,"Anthocharis midea",87
"1053",2014,16.4399462761557,"Phoebis sennae",229
"1054",2014,16.4399462761557,"Atalopedes campestris",227
"1055",2014,16.4399462761557,"Euptoieta claudia",185
"1056",2014,16.4399462761557,"Celastrina neglecta",174
"1057",2014,16.4399462761557,"Libytheana carinenta",90
"1058",2014,16.4399462761557,"Papilio polyxenes",111
"1059",2014,16.4399462761557,"Polygonia comma",61
"1060",2014,16.4399462761557,"Calycopis cecrops",243
"1061",2014,16.4399462761557,"Erynnis horatius",185
"1062",2014,16.4399462761557,"Vanessa atalanta",164
"1063",2014,16.4399462761557,"Euphyes vestris",174
"1064",2014,16.4399462761557,"Nastra lherminier",227
"1065",2014,16.4399462761557,"Lethe appalachia",136
"1066",2014,16.4399462761557,"Polites origenes",229
"1067",2014,16.4399462761557,"Erynnis juvenalis",91
"1068",2014,16.4399462761557,"Papilio glaucus",103
"1069",2015,17.6987679948449,"Polygonia interrogationis",136
"1070",2015,17.6987679948449,"Lerema accius",226
"1071",2015,17.6987679948449,"Papilio troilus",134
"1072",2015,17.6987679948449,"Megisto cymela",143
"1073",2015,17.6987679948449,"Pompeius verna",218
"1074",2015,17.6987679948449,"Wallengrenia otho",228
"1075",2015,17.6987679948449,"Hermeuptychia sosybius",176
"1076",2015,17.6987679948449,"Phyciodes tharos",163
"1077",2015,17.6987679948449,"Celastrina ladon",75
"1078",2015,17.6987679948449,"Speyeria cybele",142
"1079",2015,17.6987679948449,"Phoebis sennae",226
"1080",2015,17.6987679948449,"Erynnis horatius",176
"1081",2015,17.6987679948449,"Hylephila phyleus",223
"1082",2015,17.6987679948449,"Pyrgus communis",164
"1083",2015,17.6987679948449,"Libytheana carinenta",143
"1084",2015,17.6987679948449,"Colias eurytheme",129
"1085",2015,17.6987679948449,"Cyllopsis gemma",172
"1086",2015,17.6987679948449,"Danaus plexippus",190
"1087",2015,17.6987679948449,"Abaeis nicippe",226
"1088",2015,17.6987679948449,"Vanessa virginiensis",143
"1089",2015,17.6987679948449,"Asterocampa celtis",143
"1090",2015,17.6987679948449,"Junonia coenia",194
"1091",2015,17.6987679948449,"Strymon melinus",165
"1092",2015,17.6987679948449,"Limenitis archippus",142
"1093",2015,17.6987679948449,"Anthocharis midea",82
"1094",2015,17.6987679948449,"Vanessa atalanta",133
"1095",2015,17.6987679948449,"Atalopedes campestris",226
"1096",2015,17.6987679948449,"Panoquina ocola",206
"1097",2015,17.6987679948449,"Chlosyne nycteis",228
"1098",2015,17.6987679948449,"Polites origenes",165
"1099",2015,17.6987679948449,"Papilio polyxenes",214
"1100",2015,17.6987679948449,"Pieris rapae",129
"1101",2015,17.6987679948449,"Celastrina neglecta",135
"1102",2015,17.6987679948449,"Limenitis arthemis astyanax",143
"1103",2015,17.6987679948449,"Polygonia comma",133
"1104",2015,17.6987679948449,"Erynnis juvenalis",101
"1105",2015,17.6987679948449,"Lethe anthedon",162
"1106",2015,17.6987679948449,"Thorybes bathyllus",123
"1107",2015,17.6987679948449,"Battus philenor",162
"1108",2015,17.6987679948449,"Papilio glaucus",206
"1109",2015,17.6987679948449,"Epargyreus clarus",193
"1110",2015,17.6987679948449,"Calycopis cecrops",177
"1111",2015,17.6987679948449,"Lethe appalachia",143
"1112",2015,17.6987679948449,"Ancyloxypha numitor",176
"1113",2015,17.6987679948449,"Euptoieta claudia",164
"1114",2015,17.6987679948449,"Euphyes vestris",218
"1115",2015,17.6987679948449,"Nastra lherminier",218
"1116",2015,17.6987679948449,"Cupido comyntas",123
"1117",2016,17.6917855659392,"Phyciodes tharos",160
"1118",2016,17.6917855659392,"Phoebis sennae",234
"1119",2016,17.6917855659392,"Pyrgus communis",232
"1120",2016,17.6917855659392,"Vanessa virginiensis",121
"1121",2016,17.6917855659392,"Wallengrenia otho",151
"1122",2016,17.6917855659392,"Panoquina ocola",218
"1123",2016,17.6917855659392,"Speyeria cybele",136
"1124",2016,17.6917855659392,"Anthocharis midea",71
"1125",2016,17.6917855659392,"Hermeuptychia sosybius",177
"1126",2016,17.6917855659392,"Atalopedes campestris",162
"1127",2016,17.6917855659392,"Colias eurytheme",122
"1128",2016,17.6917855659392,"Danaus plexippus",163
"1129",2016,17.6917855659392,"Abaeis nicippe",232
"1130",2016,17.6917855659392,"Lerema accius",232
"1131",2016,17.6917855659392,"Epargyreus clarus",122
"1132",2016,17.6917855659392,"Celastrina neglecta",122
"1133",2016,17.6917855659392,"Polygonia interrogationis",78
"1134",2016,17.6917855659392,"Lethe anthedon",134
"1135",2016,17.6917855659392,"Celastrina ladon",72
"1136",2016,17.6917855659392,"Hylephila phyleus",187
"1137",2016,17.6917855659392,"Pieris rapae",122
"1138",2016,17.6917855659392,"Chlosyne nycteis",232
"1139",2016,17.6917855659392,"Erynnis horatius",177
"1140",2016,17.6917855659392,"Euptoieta claudia",161
"1141",2016,17.6917855659392,"Megisto cymela",136
"1142",2016,17.6917855659392,"Battus philenor",134
"1143",2016,17.6917855659392,"Vanessa atalanta",128
"1144",2016,17.6917855659392,"Erynnis juvenalis",77
"1145",2016,17.6917855659392,"Cyllopsis gemma",88
"1146",2016,17.6917855659392,"Papilio polyxenes",148
"1147",2016,17.6917855659392,"Pompeius verna",201
"1148",2016,17.6917855659392,"Polites origenes",218
"1149",2016,17.6917855659392,"Ancyloxypha numitor",152
"1150",2016,17.6917855659392,"Junonia coenia",148
"1151",2016,17.6917855659392,"Thorybes bathyllus",205
"1152",2016,17.6917855659392,"Limenitis archippus",234
"1153",2016,17.6917855659392,"Limenitis arthemis astyanax",219
"1154",2016,17.6917855659392,"Calycopis cecrops",201
"1155",2016,17.6917855659392,"Papilio glaucus",114
"1156",2016,17.6917855659392,"Asterocampa celtis",209
"1157",2016,17.6917855659392,"Papilio troilus",99
"1158",2016,17.6917855659392,"Polygonia comma",128
"1159",2016,17.6917855659392,"Cupido comyntas",148
"1160",2016,17.6917855659392,"Libytheana carinenta",122
"1161",2016,17.6917855659392,"Nastra lherminier",205
"1162",2016,17.6917855659392,"Lethe appalachia",135
"1163",2016,17.6917855659392,"Euphyes vestris",205
"1164",2016,17.6917855659392,"Strymon melinus",161
"1165",2017,17.828245101118,"Pyrgus communis",223
"1166",2017,17.828245101118,"Colias eurytheme",119
"1167",2017,17.828245101118,"Atalopedes campestris",189
"1168",2017,17.828245101118,"Abaeis nicippe",223
"1169",2017,17.828245101118,"Wallengrenia otho",215
"1170",2017,17.828245101118,"Lethe anthedon",187
"1171",2017,17.828245101118,"Speyeria cybele",130
"1172",2017,17.828245101118,"Hermeuptychia sosybius",118
"1173",2017,17.828245101118,"Celastrina ladon",43
"1174",2017,17.828245101118,"Lerema accius",223
"1175",2017,17.828245101118,"Pieris rapae",118
"1176",2017,17.828245101118,"Cyllopsis gemma",91
"1177",2017,17.828245101118,"Panoquina ocola",223
"1178",2017,17.828245101118,"Polygonia interrogationis",81
"1179",2017,17.828245101118,"Chlosyne nycteis",111
"1180",2017,17.828245101118,"Erynnis horatius",148
"1181",2017,17.828245101118,"Ancyloxypha numitor",137
"1182",2017,17.828245101118,"Epargyreus clarus",118
"1183",2017,17.828245101118,"Celastrina neglecta",81
"1184",2017,17.828245101118,"Hylephila phyleus",206
"1185",2017,17.828245101118,"Phyciodes tharos",99
"1186",2017,17.828245101118,"Calycopis cecrops",161
"1187",2017,17.828245101118,"Anthocharis midea",55
"1188",2017,17.828245101118,"Vanessa atalanta",95
"1189",2017,17.828245101118,"Papilio polyxenes",123
"1190",2017,17.828245101118,"Erynnis juvenalis",80
"1191",2017,17.828245101118,"Phoebis sennae",176
"1192",2017,17.828245101118,"Pompeius verna",155
"1193",2017,17.828245101118,"Megisto cymela",140
"1194",2017,17.828245101118,"Danaus plexippus",148
"1195",2017,17.828245101118,"Libytheana carinenta",118
"1196",2017,17.828245101118,"Thorybes bathyllus",136
"1197",2017,17.828245101118,"Polites origenes",215
"1198",2017,17.828245101118,"Vanessa virginiensis",112
"1199",2017,17.828245101118,"Strymon melinus",152
"1200",2017,17.828245101118,"Euptoieta claudia",123
"1201",2017,17.828245101118,"Limenitis archippus",123
"1202",2017,17.828245101118,"Nastra lherminier",178
"1203",2017,17.828245101118,"Limenitis arthemis astyanax",175
"1204",2017,17.828245101118,"Cupido comyntas",111
"1205",2017,17.828245101118,"Asterocampa celtis",178
"1206",2017,17.828245101118,"Papilio troilus",126
"1207",2017,17.828245101118,"Battus philenor",118
"1208",2017,17.828245101118,"Polygonia comma",66
"1209",2017,17.828245101118,"Lethe appalachia",131
"1210",2017,17.828245101118,"Papilio glaucus",87
"1211",2017,17.828245101118,"Junonia coenia",120
"1212",2017,17.828245101118,"Euphyes vestris",148
"1213",2018,17.1661631327034,"Anthocharis midea",77
"1214",2018,17.1661631327034,"Cyllopsis gemma",92
"1215",2018,17.1661631327034,"Hermeuptychia sosybius",134
"1216",2018,17.1661631327034,"Ancyloxypha numitor",160
"1217",2018,17.1661631327034,"Erynnis horatius",174
"1218",2018,17.1661631327034,"Abaeis nicippe",228
"1219",2018,17.1661631327034,"Atalopedes campestris",227
"1220",2018,17.1661631327034,"Phyciodes tharos",121
"1221",2018,17.1661631327034,"Hylephila phyleus",207
"1222",2018,17.1661631327034,"Lethe anthedon",189
"1223",2018,17.1661631327034,"Colias eurytheme",134
"1224",2018,17.1661631327034,"Limenitis archippus",181
"1225",2018,17.1661631327034,"Thorybes bathyllus",200
"1226",2018,17.1661631327034,"Pyrgus communis",231
"1227",2018,17.1661631327034,"Pompeius verna",156
"1228",2018,17.1661631327034,"Lerema accius",231
"1229",2018,17.1661631327034,"Nastra lherminier",169
"1230",2018,17.1661631327034,"Papilio polyxenes",118
"1231",2018,17.1661631327034,"Cupido comyntas",183
"1232",2018,17.1661631327034,"Polygonia interrogationis",92
"1233",2018,17.1661631327034,"Chlosyne nycteis",134
"1234",2018,17.1661631327034,"Danaus plexippus",165
"1235",2018,17.1661631327034,"Phoebis sennae",231
"1236",2018,17.1661631327034,"Epargyreus clarus",180
"1237",2018,17.1661631327034,"Battus philenor",166
"1238",2018,17.1661631327034,"Speyeria cybele",134
"1239",2018,17.1661631327034,"Vanessa virginiensis",122
"1240",2018,17.1661631327034,"Calycopis cecrops",147
"1241",2018,17.1661631327034,"Vanessa atalanta",125
"1242",2018,17.1661631327034,"Limenitis arthemis astyanax",185
"1243",2018,17.1661631327034,"Erynnis juvenalis",88
"1244",2018,17.1661631327034,"Lethe appalachia",181
"1245",2018,17.1661631327034,"Pieris rapae",158
"1246",2018,17.1661631327034,"Papilio glaucus",171
"1247",2018,17.1661631327034,"Megisto cymela",145
"1248",2018,17.1661631327034,"Junonia coenia",202
"1249",2018,17.1661631327034,"Wallengrenia otho",228
"1250",2018,17.1661631327034,"Panoquina ocola",228
"1251",2018,17.1661631327034,"Strymon melinus",178
"1252",2018,17.1661631327034,"Euphyes vestris",217
"1253",2018,17.1661631327034,"Celastrina ladon",56
"1254",2018,17.1661631327034,"Asterocampa celtis",209
"1255",2018,17.1661631327034,"Euptoieta claudia",158
"1256",2018,17.1661631327034,"Celastrina neglecta",167
"1257",2018,17.1661631327034,"Polygonia comma",107
"1258",2018,17.1661631327034,"Libytheana carinenta",155
"1259",2018,17.1661631327034,"Papilio troilus",151
"1260",2018,17.1661631327034,"Polites origenes",228
"1261",2019,17.9276754084802,"Euptoieta claudia",166
"1262",2019,17.9276754084802,"Megisto cymela",174
"1263",2019,17.9276754084802,"Epargyreus clarus",177
"1264",2019,17.9276754084802,"Abaeis nicippe",228
"1265",2019,17.9276754084802,"Speyeria cybele",128
"1266",2019,17.9276754084802,"Lerema accius",215
"1267",2019,17.9276754084802,"Cyllopsis gemma",128
"1268",2019,17.9276754084802,"Chlosyne nycteis",127
"1269",2019,17.9276754084802,"Nastra lherminier",208
"1270",2019,17.9276754084802,"Papilio polyxenes",145
"1271",2019,17.9276754084802,"Ancyloxypha numitor",206
"1272",2019,17.9276754084802,"Wallengrenia otho",213
"1273",2019,17.9276754084802,"Limenitis archippus",205
"1274",2019,17.9276754084802,"Lethe anthedon",227
"1275",2019,17.9276754084802,"Danaus plexippus",228
"1276",2019,17.9276754084802,"Hermeuptychia sosybius",115
"1277",2019,17.9276754084802,"Panoquina ocola",191
"1278",2019,17.9276754084802,"Battus philenor",110
"1279",2019,17.9276754084802,"Thorybes bathyllus",202
"1280",2019,17.9276754084802,"Phyciodes tharos",121
"1281",2019,17.9276754084802,"Polygonia interrogationis",127
"1282",2019,17.9276754084802,"Celastrina neglecta",127
"1283",2019,17.9276754084802,"Erynnis juvenalis",84
"1284",2019,17.9276754084802,"Cupido comyntas",194
"1285",2019,17.9276754084802,"Pieris rapae",144
"1286",2019,17.9276754084802,"Vanessa atalanta",127
"1287",2019,17.9276754084802,"Atalopedes campestris",203
"1288",2019,17.9276754084802,"Pompeius verna",208
"1289",2019,17.9276754084802,"Hylephila phyleus",201
"1290",2019,17.9276754084802,"Polites origenes",228
"1291",2019,17.9276754084802,"Pyrgus communis",228
"1292",2019,17.9276754084802,"Strymon melinus",191
"1293",2019,17.9276754084802,"Vanessa virginiensis",121
"1294",2019,17.9276754084802,"Calycopis cecrops",110
"1295",2019,17.9276754084802,"Asterocampa celtis",208
"1296",2019,17.9276754084802,"Limenitis arthemis astyanax",174
"1297",2019,17.9276754084802,"Lethe appalachia",213
"1298",2019,17.9276754084802,"Junonia coenia",185
"1299",2019,17.9276754084802,"Papilio glaucus",121
"1300",2019,17.9276754084802,"Anthocharis midea",83
"1301",2019,17.9276754084802,"Colias eurytheme",144
"1302",2019,17.9276754084802,"Libytheana carinenta",127
"1303",2019,17.9276754084802,"Polygonia comma",82
"1304",2019,17.9276754084802,"Phoebis sennae",228
"1305",2019,17.9276754084802,"Euphyes vestris",206
"1306",2019,17.9276754084802,"Papilio troilus",166
"1307",2019,17.9276754084802,"Erynnis horatius",185
"1308",2020,17.342867958144,"Cyllopsis gemma",213
"1309",2020,17.342867958144,"Lerema accius",222
"1310",2020,17.342867958144,"Lethe anthedon",215
"1311",2020,17.342867958144,"Abaeis nicippe",229
"1312",2020,17.342867958144,"Celastrina ladon",57
"1313",2020,17.342867958144,"Papilio glaucus",185
"1314",2020,17.342867958144,"Erynnis juvenalis",80
"1315",2020,17.342867958144,"Pompeius verna",220
"1316",2020,17.342867958144,"Epargyreus clarus",173
"1317",2020,17.342867958144,"Wallengrenia otho",152
"1318",2020,17.342867958144,"Hermeuptychia sosybius",113
"1319",2020,17.342867958144,"Strymon melinus",214
"1320",2020,17.342867958144,"Battus philenor",222
"1321",2020,17.342867958144,"Polygonia interrogationis",95
"1322",2020,17.342867958144,"Pyrgus communis",236
"1323",2020,17.342867958144,"Celastrina neglecta",87
"1324",2020,17.342867958144,"Cupido comyntas",214
"1325",2020,17.342867958144,"Ancyloxypha numitor",219
"1326",2020,17.342867958144,"Papilio polyxenes",208
"1327",2020,17.342867958144,"Euptoieta claudia",193
"1328",2020,17.342867958144,"Atalopedes campestris",221
"1329",2020,17.342867958144,"Danaus plexippus",221
"1330",2020,17.342867958144,"Hylephila phyleus",221
"1331",2020,17.342867958144,"Phoebis sennae",229
"1332",2020,17.342867958144,"Phyciodes tharos",222
"1333",2020,17.342867958144,"Speyeria cybele",154
"1334",2020,17.342867958144,"Polites origenes",152
"1335",2020,17.342867958144,"Vanessa virginiensis",131
"1336",2020,17.342867958144,"Asterocampa celtis",213
"1337",2020,17.342867958144,"Lethe appalachia",198
"1338",2020,17.342867958144,"Calycopis cecrops",222
"1339",2020,17.342867958144,"Nastra lherminier",152
"1340",2020,17.342867958144,"Vanessa atalanta",99
"1341",2020,17.342867958144,"Anthocharis midea",80
"1342",2020,17.342867958144,"Megisto cymela",143
"1343",2020,17.342867958144,"Chlosyne nycteis",119
"1344",2020,17.342867958144,"Panoquina ocola",229
"1345",2020,17.342867958144,"Colias eurytheme",125
"1346",2020,17.342867958144,"Junonia coenia",179
"1347",2020,17.342867958144,"Thorybes bathyllus",152
"1348",2020,17.342867958144,"Papilio troilus",180
"1349",2020,17.342867958144,"Libytheana carinenta",124
"1350",2020,17.342867958144,"Euphyes vestris",180
"1351",2020,17.342867958144,"Polygonia comma",93
"1352",2020,17.342867958144,"Erynnis horatius",208
"1353",2020,17.342867958144,"Limenitis arthemis astyanax",222
"1354",2020,17.342867958144,"Pieris rapae",156
"1355",2020,17.342867958144,"Limenitis archippus",229
